{
  "rows": 20,
  "columns": 18,
  "data": [
    9.996284,
    9.408937,
    10.389239,
    10.129356,
    10.094622,
    9.476514,
    9.433171,
    9.808435,
    10.051977,
    9.860412,
    9.63794,
    9.584786,
    10.227904,
    9.893508,
    9.769497,
    9.640829,
    9.913066,
    9.942066,
    6.281698,
    6.238251,
    8.60075,
    7.512592,
    7.380511,
    6.14678,
    6.057924,
    5.749897,
    6.122425,
    6.23755,
    6.281311,
    6.320553,
    7.600023,
    8.113393,
    6.382038,
    5.93831,
    7.173972,
    7.256017,
    5.379402,
    5.20284,
    5.179675,
    5.019845,
    5.081443,
    5.508015,
    5.700962,
    5.203832,
    5.466023,
    5.199872,
    5.296648,
    5.38672,
    9.29777,
    6.210214,
    5.682893,
    5.716088,
    7.45513,
    7.281259,
    7.134305,
    7.017812,
    6.915497,
    6.988074,
    7.040744,
    7.419044,
    7.342474,
    7.558201,
    7.688988,
    7.513176,
    7.318404,
    7.301111,
    7.019145,
    7.012336,
    7.095189,
    7.190555,
    7.140078,
    7.124447,
    3.22772,
    3.172289,
    3.249081,
    3.217174,
    3.166239,
    3.316541,
    3.220619,
    3.250533,
    3.29089,
    3.173075,
    3.200419,
    3.33312,
    3.374597,
    3.241964,
    3.160927,
    3.407422,
    3.292719,
    3.342513,
    7.63256,
    7.640793,
    7.362701,
    7.502883,
    7.473628,
    6.969079,
    7.066594,
    7.561447,
    7.502668,
    7.414363,
    7.204278,
    7.274481,
    7.43775,
    7.606599,
    7.065091,
    6.524013,
    7.311862,
    7.188937,
    6.459238,
    6.144482,
    6.24658,
    6.174775,
    6.202309,
    6.070342,
    6.277791,
    6.518223,
    6.330892,
    6.290668,
    6.254294,
    6.264964,
    6.667659,
    6.266567,
    6.320367,
    6.448458,
    6.352301,
    6.368535,
    4.198454,
    4.362318,
    4.277563,
    4.23354,
    4.329207,
    4.249134,
    4.403296,
    4.18273,
    4.363883,
    4.396413,
    4.254235,
    4.340363,
    4.179482,
    3.977208,
    4.127677,
    4.484133,
    4.077008,
    4.269398,
    5.061513,
    7.247268,
    5.525614,
    6.044643,
    6.00481,
    5.673901,
    6.099168,
    5.946515,
    5.733685,
    6.29243,
    6.026382,
    5.972715,
    3.634358,
    4.056871,
    5.114267,
    4.237024,
    4.0408,
    4.017353,
    4.043622,
    3.761298,
    3.672325,
    4.02213,
    3.776844,
    3.729128,
    3.798882,
    3.785276,
    3.974107,
    3.792508,
    3.652477,
    3.691727,
    3.777258,
    3.666221,
    3.583938,
    3.437651,
    3.591071,
    3.596799,
    6.107725,
    6.173148,
    6.415381,
    6.306066,
    6.293766,
    6.446573,
    6.459361,
    6.142833,
    6.840072,
    6.993019,
    6.695146,
    6.622125,
    6.777575,
    6.597652,
    5.592335,
    6.202932,
    6.122868,
    6.392839,
    6.473671,
    6.562448,
    6.687842,
    6.71963,
    6.797171,
    6.799244,
    6.919446,
    7.183487,
    7.008193,
    6.725851,
    6.916437,
    6.80089,
    6.537922,
    7.331053,
    7.047758,
    7.494186,
    6.94734,
    7.159104,
    4.845029,
    4.679653,
    4.436565,
    4.695156,
    4.561508,
    4.732518,
    5.122689,
    5.271693,
    4.917153,
    4.945094,
    4.830601,
    4.769542,
    4.711239,
    5.031026,
    5.004408,
    5.226036,
    4.736002,
    4.929599,
    9.013859,
    9.589806,
    8.465292,
    9.025865,
    9.010102,
    8.492019,
    9.294141,
    9.079851,
    8.829123,
    8.641866,
    8.86811,
    8.801203,
    8.500518,
    8.301652,
    8.693269,
    8.460265,
    8.410208,
    8.456034,
    6.368398,
    6.098727,
    6.087436,
    6.157878,
    6.190077,
    6.311958,
    6.453549,
    6.693618,
    6.726653,
    6.361318,
    6.339016,
    6.363428,
    6.393932,
    6.360231,
    6.290454,
    6.35859,
    6.473499,
    6.504435,
    7.922439,
    7.606692,
    7.928324,
    7.707054,
    7.7315,
    7.821685,
    7.608674,
    7.605873,
    7.9543,
    7.811588,
    7.701994,
    7.702918,
    7.333937,
    6.980964,
    7.968763,
    7.650109,
    7.352808,
    7.256129,
    5.079314,
    5.240597,
    5.580138,
    5.343363,
    5.732938,
    5.696836,
    5.579713,
    5.203627,
    5.739087,
    5.565524,
    5.685504,
    5.631506,
    5.777841,
    5.732981,
    5.350259,
    5.315662,
    5.532829,
    5.47742,
    4.057216,
    4.191503,
    3.891232,
    4.072217,
    4.041437,
    4.058377,
    3.951537,
    4.249065,
    4.172483,
    4.048478,
    3.89416,
    4.082415,
    3.96538,
    3.958465,
    4.418129,
    4.427492,
    4.012246,
    4.008865,
    7.692056,
    7.488755,
    7.650758,
    7.545599,
    7.70659,
    7.850438,
    7.874366,
    8.248631,
    8.26267,
    8.006393,
    7.810534,
    7.901112,
    7.914614,
    7.667949,
    7.984747,
    8.188608,
    7.96066,
    7.875084,
    6.687764,
    6.474927,
    6.917795,
    6.822427,
    6.756839,
    6.825249,
    6.384907,
    5.676787,
    6.354125,
    6.539526,
    6.414249,
    6.585722,
    6.514074,
    6.635526,
    7.113544,
    8.355687,
    7.331044,
    7.333322 ]
}
